id,user_id,name,date,amount,recurring
2493,AorMxqNncYwQvaJKyznWlKdTUkvkiPYV,AT&T,2023-05-02,318.24,1
2494,AorMxqNncYwQvaJKyznWlKdTUkvkiPYV,AT&T,2023-05-12,318.24,1
2495,AorMxqNncYwQvaJKyznWlKdTUkvkiPYV,AT&T,2023-05-26,188.32,1
2496,AorMxqNncYwQvaJKyznWlKdTUkvkiPYV,AT&T,2023-06-06,188.32,1
2505,AorMxqNncYwQvaJKyznWlKdTUkvkiPYV,Albert,2024-08-30,14.99,1
2592,AorMxqNncYwQvaJKyznWlKdTUkvkiPYV,Apple,2023-10-03,9.99,1
2989,AorMxqNncYwQvaJKyznWlKdTUkvkiPYV,Cobblestone Wash,2024-02-05,10.0,1
3523,AorMxqNncYwQvaJKyznWlKdTUkvkiPYV,Jimmy Suds Car Wash,2024-02-15,16.0,1
3929,AorMxqNncYwQvaJKyznWlKdTUkvkiPYV,Plexus Worldwide,2023-08-08,143.43,1
4166,AorMxqNncYwQvaJKyznWlKdTUkvkiPYV,Ssp Waste Inc,2024-07-24,296.0,1
5127,BAjWKWXuBxADgBWXIUQQkDHHvNZmDXUD,Albert,2024-07-30,14.99,1
6556,BJDvQSOtUvdxctxBlAwGfCLbhsujJTYg,Apple,2023-07-15,14.99,1
6559,BJDvQSOtUvdxctxBlAwGfCLbhsujJTYg,Apple,2023-07-30,29.99,1
6835,BJDvQSOtUvdxctxBlAwGfCLbhsujJTYg,Cleo AI,2024-03-31,5.99,1
6882,BJDvQSOtUvdxctxBlAwGfCLbhsujJTYg,Credit Genie,2024-10-03,3.49,1
7103,BJDvQSOtUvdxctxBlAwGfCLbhsujJTYg,Empower,2024-04-19,8.0,1
7181,BJDvQSOtUvdxctxBlAwGfCLbhsujJTYg,Instacart Express Membership,2024-06-05,10.79,1
7303,BJDvQSOtUvdxctxBlAwGfCLbhsujJTYg,Oconee Cnty Parks&rec,2024-03-05,10.26,1
7313,BJDvQSOtUvdxctxBlAwGfCLbhsujJTYg,Paramount+,2023-05-15,9.99,0
7454,BJDvQSOtUvdxctxBlAwGfCLbhsujJTYg,Planet Fitness,2023-06-02,25.05,0
8288,BOIvaZauUjTiGOyNbvHEFPclvepBaqRa,AAA Insurance,2023-06-14,101.84,1
11617,DNnhJnMUwJQXtsIZMHSDVjDMyHPvSyTM,AfterPay,2023-09-05,17.48,1
11625,DNnhJnMUwJQXtsIZMHSDVjDMyHPvSyTM,AfterPay,2024-01-16,12.0,1
11646,DNnhJnMUwJQXtsIZMHSDVjDMyHPvSyTM,AfterPay,2024-10-21,10.74,0
12147,DNnhJnMUwJQXtsIZMHSDVjDMyHPvSyTM,Dave,2023-09-06,1.0,1
12614,DNnhJnMUwJQXtsIZMHSDVjDMyHPvSyTM,Klarna,2024-01-11,59.03,1
14492,EFEULcwXwcWTwZmddfjPTvBYubtpaeXD,Creative S,2023-03-09,84.0,1
15441,EQutQVPiZrhrMmaLVXKWZyEqabKpKFIE,AT&T,2024-12-12,84.0,1
15632,EQutQVPiZrhrMmaLVXKWZyEqabKpKFIE,DTE Energy,2023-11-04,234.0,1
16145,EQutQVPiZrhrMmaLVXKWZyEqabKpKFIE,Straight Talk,2024-08-25,50.77,1
17440,FFzOxCKpvmSMcwyraoyimhKzWHoEOCrM,Aquazul,2023-07-11,216.5,1
17441,FFzOxCKpvmSMcwyraoyimhKzWHoEOCrM,Aquazul,2023-08-07,216.5,1
17442,FFzOxCKpvmSMcwyraoyimhKzWHoEOCrM,Aquazul,2023-09-06,216.5,1
17568,FFzOxCKpvmSMcwyraoyimhKzWHoEOCrM,City Of Floydada Utility,2023-02-22,118.38,1
18621,FFzOxCKpvmSMcwyraoyimhKzWHoEOCrM,Raven Insurance And Fin,2024-04-05,561.0,1
20125,GJUExHUiVzssVJaAvsaZSSIGEzudyxis,IMPERIAL SMOKE & VAPE  ORLANDO      FLUS,2024-03-28,20.22,0
20127,GJUExHUiVzssVJaAvsaZSSIGEzudyxis,IMPERIAL SMOKE & VAPE  ORLANDO      FLUS,2024-04-25,20.22,0
21624,GmqZhREdWRwODaskMBGvQuQrVNjsBeFM,Brigit,2025-01-30,8.99,1
23385,GtYzbFvIhMoogGJRTebOAOhJCvRrlzYt,Apple,2022-05-30,9.99,0
23390,GtYzbFvIhMoogGJRTebOAOhJCvRrlzYt,Apple,2023-11-09,0.99,1
24511,HXjqanWxcaEToyRXvDerSZKQaqCElpXz,Comcast,2023-03-07,277.36,1
24813,HXjqanWxcaEToyRXvDerSZKQaqCElpXz,Rice Insurance,2023-04-20,177.0,1
25619,IUsmCNUIztRdqNYTliTrITBePuRCehYJ,Albert,2024-11-20,14.99,1
25700,IUsmCNUIztRdqNYTliTrITBePuRCehYJ,CPS Energy,2023-03-17,302.35,1
28042,IarZKhGuIsTjxONZvysdfPeQOEEYQXJN,AT&T,2023-02-25,65.0,1
28044,IarZKhGuIsTjxONZvysdfPeQOEEYQXJN,AT&T,2023-02-25,299.85,1
28045,IarZKhGuIsTjxONZvysdfPeQOEEYQXJN,AT&T,2023-03-07,65.0,1
28046,IarZKhGuIsTjxONZvysdfPeQOEEYQXJN,AT&T,2024-07-08,60.58,1
28113,IarZKhGuIsTjxONZvysdfPeQOEEYQXJN,Comcast,2022-06-29,50.0,1
29292,KBiGPkDOaNupnOzqVlGReRreGCpbgDBG,Ivacy Vpn,2022-10-03,10.94,1
30775,KPzHNmVrlzInPamdDWFyXndJKeBySqOL,Empower,2023-08-21,8.0,1
31890,KPzHNmVrlzInPamdDWFyXndJKeBySqOL,PG&E,2025-01-31,30.64,1
36520,MDfnhRORipKxXbeHutTBVhPePWPxWYoP,Disney+,2024-12-26,11.87,1
37011,MDfnhRORipKxXbeHutTBVhPePWPxWYoP,Planet Fitness,2023-02-17,27.11,1
37138,MDfnhRORipKxXbeHutTBVhPePWPxWYoP,Spectrum,2023-11-09,60.3,1
37923,MRriEuDUyDURSDmEoBZAFMJREIJJalgX,Yolo Brothers Inc,2024-01-20,19.0,0
38259,MbDdSDkkWiAEtApEkSlDfqfkIJpsaTcY,GEICO  *AUTO           800-841-3000 DCUS,2024-03-09,270.72,1
38262,MbDdSDkkWiAEtApEkSlDfqfkIJpsaTcY,GEICO  *AUTO           800-841-3000 DCUS,2024-05-29,268.5,1
38781,MqczOYkcZnYlCLxiixQgLfsstdqHyClx,Albert,2024-06-05,14.99,1
43632,OjGZBgRbUudbTQJWMvRaPXmaAMwhuJjF,Progressive Insurance,2024-07-05,182.18,1
44098,OkGKOTcVMipCfURJhAVUlEkEOtKzNHkE,Blue Rose Tattoo,2023-09-12,180.0,0
44099,OkGKOTcVMipCfURJhAVUlEkEOtKzNHkE,Blue Rose Tattoo,2023-09-13,250.0,0
46073,OvuWnGxiXxtqqhekvSPrfXAjcOYtyTiY,Comcast,2024-08-12,317.86,1
49221,RWlTiraiCLGOTswGfQAvKgOOMmNXofUH,AT&T,2022-12-27,50.0,1
53529,RggyAZUnfNfoxepJadJUyQIHAARUqoSz,Progressive Insurance,2024-01-24,170.92,1
55065,SbZRQRvIsVJBRLkJTbVUgELiQrOylvUk,Apple,2024-11-06,18.29,1
56650,SyyHtTRWtymwnwZSeUcMNVPTuyBitWus,SiriusXM,2023-05-01,11.96,1
57923,TjhPuOcMfWsKUbZBOKZJUuwVDNkLZhdm,Cleo AI,2023-12-28,5.99,1
58775,TjhPuOcMfWsKUbZBOKZJUuwVDNkLZhdm,Panera Subd,2023-01-23,12.83,0
58776,TjhPuOcMfWsKUbZBOKZJUuwVDNkLZhdm,Panera Subd,2023-02-22,12.83,0
58777,TjhPuOcMfWsKUbZBOKZJUuwVDNkLZhdm,Panera Subd,2023-03-24,12.83,0
60737,UoMYTXsjkUIaHkzofLsMgNCgRwgpOumi,Ambit Energy,2024-07-10,130.0,1
64595,WZeavIWwZKQddDGfLKnOiSTlfgXAeXyq,ExxonMobil,2025-01-02,10.0,0
65030,WZeavIWwZKQddDGfLKnOiSTlfgXAeXyq,VERIZON WRL MY ACCT VN 8009220204   CAUS,2024-06-07,300.0,1
65372,XZoPGjozcnHMpBYHByocHQdIhXrvCNIv,Hulu,2024-01-02,0.96,1
65713,XZoPGjozcnHMpBYHByocHQdIhXrvCNIv,Verizon,2024-11-01,141.72,1
65833,XaxiPZZTbljMIXbXJWauboZxOpPJqquZ,Amaxinsurancecom Highwa,2023-07-12,62.98,1
66689,XaxiPZZTbljMIXbXJWauboZxOpPJqquZ,Netflix                1 8445052993 CAUS,2025-01-30,16.77,1
67399,YJFpCzxCbhdshjNykJJBKDKidHpktIXA,Cleo AI,2024-12-24,5.99,1
68027,YYydGejKDXVdyAyGbscOvZWOJElQFyjD,Boost Mobile,2022-12-27,35.0,1
69112,YaftdfLzzaBglndVaiWRzuGizGEbVsOe,Verizon,2024-10-22,238.46,1
69647,ZCRHKiYixDbqWXIfjMwXckCrzCfgpess,AfterPay,2023-06-23,58.96,1
69648,ZCRHKiYixDbqWXIfjMwXckCrzCfgpess,AfterPay,2023-07-07,58.96,1
69649,ZCRHKiYixDbqWXIfjMwXckCrzCfgpess,AfterPay,2023-08-04,58.96,1
70358,ZCRHKiYixDbqWXIfjMwXckCrzCfgpess,Spectrum,2024-04-12,105.87,1
70362,ZCRHKiYixDbqWXIfjMwXckCrzCfgpess,Spectrum,2024-07-08,105.93,1
70430,ZCRHKiYixDbqWXIfjMwXckCrzCfgpess,Zip.co,2023-03-02,16.01,1
73535,aRoJDRvJFHtHiiSkasFaqrGCCcJFcnBY,FirstEnergy,2022-10-25,68.0,1
75940,aafVoaXYozaNgZtDaEIuSKzPkMxkedxF,Microsoft,2024-06-05,16.99,0
76018,aafVoaXYozaNgZtDaEIuSKzPkMxkedxF,Placer County Water Age,2023-04-05,108.58,1
76019,aafVoaXYozaNgZtDaEIuSKzPkMxkedxF,Placer County Water Age,2023-06-06,108.0,1
76022,aafVoaXYozaNgZtDaEIuSKzPkMxkedxF,Placer County Water Age,2023-12-04,144.0,1
76023,aafVoaXYozaNgZtDaEIuSKzPkMxkedxF,Placer County Water Age,2024-01-03,110.1,1
76024,aafVoaXYozaNgZtDaEIuSKzPkMxkedxF,Placer County Water Age,2024-02-02,48.64,1
77540,abjYVBkptgJzAxlxZaUqdkRrwSDFmFRR,Waterford Grove Apa,2024-04-15,2059.75,1
77681,bcvpEFjMXelfsJpWUFxsRiOpBZkjbJRc,Cleo,2024-09-05,5.99,1
77990,bcvpEFjMXelfsJpWUFxsRiOpBZkjbJRc,NV Energy,2024-08-02,151.55,1
79957,cQWHdxqCuWASVYQykFBBqoXDyNXJkvGc,Credit Genie,2024-03-27,4.99,1
79959,cQWHdxqCuWASVYQykFBBqoXDyNXJkvGc,Credit Genie,2025-01-03,3.49,1
81877,dOwSWLMhgcGAeqMtewIhQUryaVoanwYW,AT&T,2024-06-17,269.62,1
82616,enDTgcAidKaKzEPclJTxSpDahXHjUNtn,AT&T,2024-05-01,83.75,1
82617,enDTgcAidKaKzEPclJTxSpDahXHjUNtn,AT&T,2024-06-01,83.75,1
84795,fVbffMxeszajmqEQTpcZwTyeqwDMZXlY,Empower,2023-02-21,105.0,1
84811,fVbffMxeszajmqEQTpcZwTyeqwDMZXlY,Empower,2023-11-20,105.0,1
84820,fVbffMxeszajmqEQTpcZwTyeqwDMZXlY,Empower,2024-05-06,105.0,1
84829,fVbffMxeszajmqEQTpcZwTyeqwDMZXlY,Empower,2024-12-05,105.0,1
89700,hnJBvbHsmDvbcoyNWIGtOJJzjPIkUSfG,Xcel Energy,2024-10-03,97.73,1
92955,jEuzlIomBkowrvfKPKtxzEqlVYcxMPIT,Albert,2024-07-09,14.99,1
93513,jEuzlIomBkowrvfKPKtxzEqlVYcxMPIT,Spectrum,2024-02-28,109.99,1
93530,jEuzlIomBkowrvfKPKtxzEqlVYcxMPIT,Vola Finance,2024-11-12,3.99,1
93531,jEuzlIomBkowrvfKPKtxzEqlVYcxMPIT,Vola Finance,2024-12-10,3.99,1
93919,jXpaMEgJIKVeJzdOEYxRpsDeVWSamBQH,Disney,2024-04-16,13.98,1
94033,jXpaMEgJIKVeJzdOEYxRpsDeVWSamBQH,GEICO,2024-08-19,371.71,1
94324,jXpaMEgJIKVeJzdOEYxRpsDeVWSamBQH,National Grid,2023-08-18,231.75,1
94325,jXpaMEgJIKVeJzdOEYxRpsDeVWSamBQH,National Grid,2024-09-03,331.75,1
94405,jXpaMEgJIKVeJzdOEYxRpsDeVWSamBQH,Planet Fitness,2025-01-24,25.08,0
94417,jXpaMEgJIKVeJzdOEYxRpsDeVWSamBQH,Progressive Insurance,2023-08-07,156.0,1
96215,jxWXmaafZncCHDQxiKCCINExywFyiakP,Verizon,2024-01-29,253.08,1
97008,lNyJLanstiLsVdXklMdzDqeZJeehFUtG,Pf Membership,2023-02-20,3.83,1
100428,lbjxCpwsydxwninqLebgdDOapqIbduSs,Sony Playstation,2024-09-04,10.81,0
101539,mJjhxkvdNjfFNbpjWYUslaiQStENmOaM,Duke Energy,2024-01-02,186.0,1
102163,mJjhxkvdNjfFNbpjWYUslaiQStENmOaM,Spectrum,2023-11-06,120.65,1
102572,mOnvGcFYByhqTUjlWbuDQmSYYIyOzerd,DTE Energy,2023-08-25,122.99,1
102574,mOnvGcFYByhqTUjlWbuDQmSYYIyOzerd,DTE Energy,2024-02-01,140.0,1
103371,mVvrrkZsbDvKGWCTYpFsbHEeUquBeCvr,Disney,2024-08-29,7.0,0
103372,mVvrrkZsbDvKGWCTYpFsbHEeUquBeCvr,Disney,2024-10-01,7.0,0
104094,mhMFEeLPIobvJhKudofkLuHfmcUuLMJb,Patreon,2024-09-18,15.0,0
104095,mhMFEeLPIobvJhKudofkLuHfmcUuLMJb,Patreon,2024-10-18,15.0,0
106294,nCnYhxYdQdnmbCPfnguUVoYHMfYQhhZa,Duke Energy,2023-06-23,190.0,1
107374,oekjVLJBiHmXivDrjYeaHsPVCEBgaqBt,AfterPay,2024-12-04,8.6,1
107395,oekjVLJBiHmXivDrjYeaHsPVCEBgaqBt,Amazon Prime Video,2022-07-14,3.99,1
107399,oekjVLJBiHmXivDrjYeaHsPVCEBgaqBt,Amazon Prime Video,2023-02-27,9.99,1
107991,oekjVLJBiHmXivDrjYeaHsPVCEBgaqBt,Sezzle,2023-05-02,49.14,1
107992,oekjVLJBiHmXivDrjYeaHsPVCEBgaqBt,Sezzle,2023-05-31,59.14,1
107996,oekjVLJBiHmXivDrjYeaHsPVCEBgaqBt,Sezzle,2023-07-11,14.69,1
107997,oekjVLJBiHmXivDrjYeaHsPVCEBgaqBt,Sezzle,2023-07-13,49.17,1
108000,oekjVLJBiHmXivDrjYeaHsPVCEBgaqBt,Sezzle,2023-07-31,14.69,1
108003,oekjVLJBiHmXivDrjYeaHsPVCEBgaqBt,Sezzle,2023-08-09,14.69,1
108004,oekjVLJBiHmXivDrjYeaHsPVCEBgaqBt,Sezzle,2023-08-09,20.77,1
108374,orsUTgbFLguXLZjKyiSMlYZghAakfIYb,Duke Energy,2024-05-29,95.0,1
108405,orsUTgbFLguXLZjKyiSMlYZghAakfIYb,Earnin,2025-01-08,156.99,1
112993,rpmwyQpwHxsFmnoKBJoadpvMoefIdnYF,Empower,2024-06-06,8.0,1
113412,rpmwyQpwHxsFmnoKBJoadpvMoefIdnYF,Verizon Telesale,2024-01-08,169.8,1
113761,rwtQggIYCXjkqIrAApKHBByrgHzvRUXV,Progressive Insurance,2024-03-12,296.66,1
114877,tgZxIvjAFhcdUQKWcFVPqEbyLuEIVoop,AAA Membership,2022-10-19,54.0,1
114891,tgZxIvjAFhcdUQKWcFVPqEbyLuEIVoop,Adobe,2024-03-11,29.99,0
114962,tgZxIvjAFhcdUQKWcFVPqEbyLuEIVoop,Amazon,2025-01-06,6.99,1
117636,tgZxIvjAFhcdUQKWcFVPqEbyLuEIVoop,Wash Masters,2023-07-17,27.99,0
117637,tgZxIvjAFhcdUQKWcFVPqEbyLuEIVoop,Wash Masters,2023-08-17,27.99,0
117638,tgZxIvjAFhcdUQKWcFVPqEbyLuEIVoop,Wash Masters,2023-09-18,27.99,0
119169,uCuzuiDYtzyhYEdzIaETRShmHytXkVaR,Empower,2024-07-18,8.0,1
119598,uCuzuiDYtzyhYEdzIaETRShmHytXkVaR,Sprint,2023-05-03,111.97,1
119642,uCuzuiDYtzyhYEdzIaETRShmHytXkVaR,Verizon,2023-09-18,70.0,1
119986,uKnTSJGmjKZvRYXyVkLdrpbIDAdXgIkr,CLEO* ADVANCE+EXPRESS  +18333133171 DEUS,2025-01-03,82.98,0
119987,uKnTSJGmjKZvRYXyVkLdrpbIDAdXgIkr,CLEO* ADVANCE+EXPRESS  +18333133171 DEUS,2025-01-14,82.98,0
121284,vBZxsmMOYJMlerxWadUjcwIVWMErpukH,AfterPay,2024-04-23,58.52,1
121286,vBZxsmMOYJMlerxWadUjcwIVWMErpukH,AfterPay,2024-05-01,136.84,1
121289,vBZxsmMOYJMlerxWadUjcwIVWMErpukH,AfterPay,2024-05-14,136.84,1
121290,vBZxsmMOYJMlerxWadUjcwIVWMErpukH,AfterPay,2024-05-24,49.78,1
123583,vBZxsmMOYJMlerxWadUjcwIVWMErpukH,Stream Energy,2022-12-28,266.55,1
124315,vDtDuylDHgqudUGXbexDsYvcrPAIJDWY,AfterPay,2023-12-22,42.53,0
126190,vHcKJocSgMRwEYnfVMDhhNrZxtyWqDqo,AfterPay,2024-10-12,11.68,1
126224,vHcKJocSgMRwEYnfVMDhhNrZxtyWqDqo,Apple,2023-12-16,9.99,1
126226,vHcKJocSgMRwEYnfVMDhhNrZxtyWqDqo,Apple,2024-01-16,9.99,1
126228,vHcKJocSgMRwEYnfVMDhhNrZxtyWqDqo,Apple,2024-02-04,9.99,1
127506,vZADFTlUAeOJChuECspzwCotKmlCMrnc,Brigit,2024-10-09,8.99,1
127509,vZADFTlUAeOJChuECspzwCotKmlCMrnc,Brigit,2024-11-08,8.99,1
128183,vZADFTlUAeOJChuECspzwCotKmlCMrnc,Verizon,2023-11-13,67.43,1
128422,vkYCFxFAZenAwyffNpwDpkUPJoKPkPMH,AfterPay,2024-11-25,16.58,1
128620,vkYCFxFAZenAwyffNpwDpkUPJoKPkPMH,Comcast,2023-10-07,188.86,1
128621,vkYCFxFAZenAwyffNpwDpkUPJoKPkPMH,Comcast,2023-12-06,100.0,1
128622,vkYCFxFAZenAwyffNpwDpkUPJoKPkPMH,Comcast,2024-01-11,50.0,1
134104,ygTVRHKJOhsoytTisyBKhYWWqRKPIyVy,Petsbestinsuranc,2024-10-29,64.39,1
134105,ygTVRHKJOhsoytTisyBKhYWWqRKPIyVy,Petsbestinsuranc,2024-11-20,64.39,1
134106,ygTVRHKJOhsoytTisyBKhYWWqRKPIyVy,Petsbestinsuranc,2024-12-20,64.43,1
134107,ygTVRHKJOhsoytTisyBKhYWWqRKPIyVy,Petsbestinsuranc,2025-01-22,64.39,1
135626,yrTyXxgjzfekMMYUTXCBZwoZPytfsdjb,Adobe,2023-06-20,10.25,1
136472,yrTyXxgjzfekMMYUTXCBZwoZPytfsdjb,Disney+,2024-04-22,34.0,1
137230,yrTyXxgjzfekMMYUTXCBZwoZPytfsdjb,Ml Wow Membership,2024-07-22,9.99,1
138391,yrTyXxgjzfekMMYUTXCBZwoZPytfsdjb,Verizon S,2024-07-22,114.1,1
2073,AhsWDTKwjnUVYiiDLaxnlCdhzJwYnfNY,Dave,2024-11-07,10.0,1
2075,AhsWDTKwjnUVYiiDLaxnlCdhzJwYnfNY,Dave,2024-12-18,10.0,1
2498,AorMxqNncYwQvaJKyznWlKdTUkvkiPYV,AT&T,2024-02-02,178.04,1
3403,AorMxqNncYwQvaJKyznWlKdTUkvkiPYV,Google Drive,2024-05-22,2.05,1
3488,AorMxqNncYwQvaJKyznWlKdTUkvkiPYV,Imi Motorsports Inc,2023-07-18,52.0,1
3489,AorMxqNncYwQvaJKyznWlKdTUkvkiPYV,Imi Motorsports Inc,2023-08-03,52.0,1
4164,AorMxqNncYwQvaJKyznWlKdTUkvkiPYV,Ssp Waste Inc,2024-06-25,160.0,0
4544,AorMxqNncYwQvaJKyznWlKdTUkvkiPYV,Xcel Energy,2023-11-20,137.32,1
5000,AwmHOpTzPtMtEklhCUGeklczmNheYeBZ,Spectrum,2024-05-29,76.32,1
6454,BJDvQSOtUvdxctxBlAwGfCLbhsujJTYg,Amazon,2024-06-05,16.19,0
6881,BJDvQSOtUvdxctxBlAwGfCLbhsujJTYg,Credit Genie,2024-07-04,55.71,0
6917,BJDvQSOtUvdxctxBlAwGfCLbhsujJTYg,Disney+,2023-04-18,1.8,0
7106,BJDvQSOtUvdxctxBlAwGfCLbhsujJTYg,Empower,2024-05-10,8.0,1
7151,BJDvQSOtUvdxctxBlAwGfCLbhsujJTYg,HBO Max,2024-12-21,16.99,0
7180,BJDvQSOtUvdxctxBlAwGfCLbhsujJTYg,Instacart Express Membership,2024-04-29,10.79,1
7271,BJDvQSOtUvdxctxBlAwGfCLbhsujJTYg,Microsoft,2024-02-10,18.35,1
7679,BJDvQSOtUvdxctxBlAwGfCLbhsujJTYg,Progressive Insurance,2023-06-23,163.95,1
8289,BOIvaZauUjTiGOyNbvHEFPclvepBaqRa,AAA Insurance,2024-03-08,30.5,0
11618,DNnhJnMUwJQXtsIZMHSDVjDMyHPvSyTM,AfterPay,2023-09-18,17.48,1
11623,DNnhJnMUwJQXtsIZMHSDVjDMyHPvSyTM,AfterPay,2024-01-08,12.0,1
11629,DNnhJnMUwJQXtsIZMHSDVjDMyHPvSyTM,AfterPay,2024-08-29,30.49,1
11633,DNnhJnMUwJQXtsIZMHSDVjDMyHPvSyTM,AfterPay,2024-09-13,15.73,1
11636,DNnhJnMUwJQXtsIZMHSDVjDMyHPvSyTM,AfterPay,2024-09-24,15.73,1
11773,DNnhJnMUwJQXtsIZMHSDVjDMyHPvSyTM,Apple,2022-12-19,1.99,1
12153,DNnhJnMUwJQXtsIZMHSDVjDMyHPvSyTM,Dave,2023-10-10,1.0,1
12157,DNnhJnMUwJQXtsIZMHSDVjDMyHPvSyTM,Dave,2023-11-07,1.0,1
12165,DNnhJnMUwJQXtsIZMHSDVjDMyHPvSyTM,Dave,2023-12-07,1.0,1
12169,DNnhJnMUwJQXtsIZMHSDVjDMyHPvSyTM,Dave,2024-01-08,1.0,1
14493,EFEULcwXwcWTwZmddfjPTvBYubtpaeXD,Creative S,2023-04-12,84.0,1
16144,EQutQVPiZrhrMmaLVXKWZyEqabKpKFIE,Straight Talk,2024-05-08,51.14,1
17174,FFzOxCKpvmSMcwyraoyimhKzWHoEOCrM,AT&T,2023-03-01,489.0,1
17449,FFzOxCKpvmSMcwyraoyimhKzWHoEOCrM,Army & Air Force Exchange Service,2024-02-01,325.0,1
17470,FFzOxCKpvmSMcwyraoyimhKzWHoEOCrM,Asurionllc,2023-08-07,26.93,1
17567,FFzOxCKpvmSMcwyraoyimhKzWHoEOCrM,City Of Floydada Utility,2022-12-21,110.19,1
17569,FFzOxCKpvmSMcwyraoyimhKzWHoEOCrM,City Of Floydada Utility,2023-04-19,118.91,1
20381,GJUExHUiVzssVJaAvsaZSSIGEzudyxis,SPECTRUM               855-707-7328 MOUS,2024-09-18,98.92,1
20382,GJUExHUiVzssVJaAvsaZSSIGEzudyxis,SPECTRUM MOBILE        855-707-7328 MOUS,2024-09-18,88.44,1
20383,GJUExHUiVzssVJaAvsaZSSIGEzudyxis,SPECTRUM MOBILE        855-707-7328 MOUS,2024-10-16,1.0,1
20728,GSlrTBojohFvbFaOruahbzuhqTsiNCNa,Dave,2024-03-25,1.0,1
20729,GSlrTBojohFvbFaOruahbzuhqTsiNCNa,Dave,2024-05-06,1.0,1
20730,GSlrTBojohFvbFaOruahbzuhqTsiNCNa,Dave,2024-07-15,1.0,1
20731,GSlrTBojohFvbFaOruahbzuhqTsiNCNa,Dave,2024-08-02,1.0,1
23057,GnIVImynstIWghPlzLnTNWftxaaiUSCB,Travelers Insurance,2024-04-15,202.93,1
23065,GnIVImynstIWghPlzLnTNWftxaaiUSCB,Verizon,2024-05-29,30.0,1
23391,GtYzbFvIhMoogGJRTebOAOhJCvRrlzYt,Apple,2023-12-09,0.99,1
23593,GtYzbFvIhMoogGJRTebOAOhJCvRrlzYt,Dave,2024-01-18,1.0,1
23597,GtYzbFvIhMoogGJRTebOAOhJCvRrlzYt,Dave,2024-02-17,1.0,1
23603,GtYzbFvIhMoogGJRTebOAOhJCvRrlzYt,Dave,2024-04-25,1.0,1
23606,GtYzbFvIhMoogGJRTebOAOhJCvRrlzYt,Dave,2024-05-23,1.0,1
25613,IUsmCNUIztRdqNYTliTrITBePuRCehYJ,AfterPay,2023-05-25,103.3,1
25614,IUsmCNUIztRdqNYTliTrITBePuRCehYJ,AfterPay,2023-06-22,103.3,1
25633,IUsmCNUIztRdqNYTliTrITBePuRCehYJ,Apple,2024-10-22,10.81,1
25634,IUsmCNUIztRdqNYTliTrITBePuRCehYJ,Apple,2024-11-22,10.81,1
25699,IUsmCNUIztRdqNYTliTrITBePuRCehYJ,CPS Energy,2023-03-14,252.35,1
26947,IUsmCNUIztRdqNYTliTrITBePuRCehYJ,T-Mobile,2023-03-31,52.0,1
26950,IUsmCNUIztRdqNYTliTrITBePuRCehYJ,T-Mobile,2023-07-29,52.0,1
30770,KPzHNmVrlzInPamdDWFyXndJKeBySqOL,Empower,2023-07-12,105.0,1
30771,KPzHNmVrlzInPamdDWFyXndJKeBySqOL,Empower,2023-07-20,8.0,1
30774,KPzHNmVrlzInPamdDWFyXndJKeBySqOL,Empower,2023-08-07,105.0,1
30777,KPzHNmVrlzInPamdDWFyXndJKeBySqOL,Empower,2023-09-05,105.0,1
30780,KPzHNmVrlzInPamdDWFyXndJKeBySqOL,Empower,2023-12-15,105.0,1
31893,KPzHNmVrlzInPamdDWFyXndJKeBySqOL,Palmbeachtan Pdx,2024-06-04,78.75,0
31894,KPzHNmVrlzInPamdDWFyXndJKeBySqOL,Palmbeachtan Pdx,2024-07-02,78.75,0
32135,KPzHNmVrlzInPamdDWFyXndJKeBySqOL,SiriusXM,2023-12-26,11.96,1
34709,LDLzjfSGmrSdBRnxnJRyMZAShTpKHBmt,Nintendo,2022-04-04,3.99,1
34710,LDLzjfSGmrSdBRnxnJRyMZAShTpKHBmt,Nintendo,2022-05-03,3.99,1
34939,LDLzjfSGmrSdBRnxnJRyMZAShTpKHBmt,Spectrum,2024-04-22,7.0,1
35574,LbzVkWZRRYPxlRNwxquZAoZstwYtsQJH,Credit Genie,2024-07-26,3.49,1
35610,LbzVkWZRRYPxlRNwxquZAoZstwYtsQJH,Empower,2024-05-28,8.0,1
36671,MDfnhRORipKxXbeHutTBVhPePWPxWYoP,Goodrx,2024-07-05,9.99,1
36733,MDfnhRORipKxXbeHutTBVhPePWPxWYoP,Just Energy,2024-10-15,118.8,1
37135,MDfnhRORipKxXbeHutTBVhPePWPxWYoP,Sophia Learning,2023-05-08,99.0,1
37195,MDfnhRORipKxXbeHutTBVhPePWPxWYoP,T-Mobile,2023-10-16,204.45,1
38430,MbDdSDkkWiAEtApEkSlDfqfkIJpsaTcY,METRO BY T-MOBILE MOBI 888-863-8768 WAUS,2024-03-20,65.0,1
38780,MqczOYkcZnYlCLxiixQgLfsstdqHyClx,Albert,2024-05-31,14.99,1
43631,OjGZBgRbUudbTQJWMvRaPXmaAMwhuJjF,Progressive Insurance,2024-06-10,153.0,1
43717,OjGZBgRbUudbTQJWMvRaPXmaAMwhuJjF,Spectrum,2024-07-26,25.0,1
43718,OjGZBgRbUudbTQJWMvRaPXmaAMwhuJjF,Spectrum,2024-08-15,65.0,1
43720,OjGZBgRbUudbTQJWMvRaPXmaAMwhuJjF,Spectrum,2024-12-06,25.0,1
43721,OjGZBgRbUudbTQJWMvRaPXmaAMwhuJjF,Spectrum,2024-12-09,35.0,1
44220,OkGKOTcVMipCfURJhAVUlEkEOtKzNHkE,Dave,2024-03-29,1.0,1
46074,OvuWnGxiXxtqqhekvSPrfXAjcOYtyTiY,Comcast,2024-10-15,929.59,1
46806,PsuliJLcAPTzdKmNbpVuLSHfPjRPPWiB,Verizon,2024-06-05,198.31,1
46905,PsuliJLcAPTzdKmNbpVuLSHfPjRPPWiB,Zips Car Wash,2024-08-02,31.89,0
46907,PsuliJLcAPTzdKmNbpVuLSHfPjRPPWiB,Zips Car Wash,2024-10-02,31.89,0
49478,RWlTiraiCLGOTswGfQAvKgOOMmNXofUH,Grid,2024-06-25,10.0,1
52371,RgYUcYDbDDoZpQZdsNdclKuSfgSnDxuj,Empower,2024-03-07,8.0,1
53527,RggyAZUnfNfoxepJadJUyQIHAARUqoSz,Progressive Insurance,2023-11-03,199.5,1
53528,RggyAZUnfNfoxepJadJUyQIHAARUqoSz,Progressive Insurance,2023-12-03,93.1,1
54871,RwoaExdRmOIZULsXkpClCsJorxHWeCiX,Starz,2024-10-08,10.99,1
56651,SyyHtTRWtymwnwZSeUcMNVPTuyBitWus,SiriusXM,2023-05-31,11.96,1
57123,TjhPuOcMfWsKUbZBOKZJUuwVDNkLZhdm,Amazon,2024-11-01,14.95,1
57980,TjhPuOcMfWsKUbZBOKZJUuwVDNkLZhdm,Dave,2023-12-18,1.0,1
58199,TjhPuOcMfWsKUbZBOKZJUuwVDNkLZhdm,Empower,2024-09-25,8.0,1
58203,TjhPuOcMfWsKUbZBOKZJUuwVDNkLZhdm,Empower,2024-09-26,8.0,1
60502,UOGHBLSBptKnjdpcyQntiDabfLzVsWxK,T-Mobile,2023-07-20,226.13,1
60503,UOGHBLSBptKnjdpcyQntiDabfLzVsWxK,T-Mobile,2023-11-05,50.0,1
60505,UOGHBLSBptKnjdpcyQntiDabfLzVsWxK,T-Mobile,2024-05-01,230.0,1
60507,UOGHBLSBptKnjdpcyQntiDabfLzVsWxK,T-Mobile,2024-07-31,350.0,1
60508,UOGHBLSBptKnjdpcyQntiDabfLzVsWxK,T-Mobile,2024-09-13,186.85,1
60831,UoMYTXsjkUIaHkzofLsMgNCgRwgpOumi,Green Mountain Energy,2023-12-11,107.0,1
63435,WJqbWvXCIsTcIQDgqXCssXBxYpKJfKTm,GOOGLE *Google One     g.co/helppay#CAUS,2024-12-15,1.99,0
63436,WJqbWvXCIsTcIQDgqXCssXBxYpKJfKTm,GOOGLE *Google One     g.co/helppay#CAUS,2025-01-16,1.99,0
66082,XaxiPZZTbljMIXbXJWauboZxOpPJqquZ,Comcast,2023-04-13,142.0,1
66083,XaxiPZZTbljMIXbXJWauboZxOpPJqquZ,Comcast,2023-06-22,20.0,1
66382,XaxiPZZTbljMIXbXJWauboZxOpPJqquZ,Hulu,2024-08-24,7.01,1
66671,XaxiPZZTbljMIXbXJWauboZxOpPJqquZ,Netflix,2023-01-06,10.81,1
68026,YYydGejKDXVdyAyGbscOvZWOJElQFyjD,Boost Mobile,2022-11-27,35.0,1
69567,YaqJKdKnJklNcaRKHBQMAuMVLuhoWDZg,National General Insurance,2024-04-30,133.0,1
69568,YaqJKdKnJklNcaRKHBQMAuMVLuhoWDZg,National General Insurance,2024-06-05,95.8,1
69779,ZCRHKiYixDbqWXIfjMwXckCrzCfgpess,Duke Energy,2024-12-19,878.0,1
70355,ZCRHKiYixDbqWXIfjMwXckCrzCfgpess,Spectrum,2023-12-04,35.0,1
70356,ZCRHKiYixDbqWXIfjMwXckCrzCfgpess,Spectrum,2024-03-07,99.0,1
70357,ZCRHKiYixDbqWXIfjMwXckCrzCfgpess,Spectrum,2024-03-08,35.0,1
70359,ZCRHKiYixDbqWXIfjMwXckCrzCfgpess,Spectrum,2024-04-15,35.0,1
70360,ZCRHKiYixDbqWXIfjMwXckCrzCfgpess,Spectrum,2024-05-31,150.0,1
73499,aRoJDRvJFHtHiiSkasFaqrGCCcJFcnBY,Empower,2024-05-14,8.0,1
75529,aRoJDRvJFHtHiiSkasFaqrGCCcJFcnBY,YouTube Premium,2023-12-04,5.32,1
75941,aafVoaXYozaNgZtDaEIuSKzPkMxkedxF,Microsoft,2024-08-01,16.99,0
75962,aafVoaXYozaNgZtDaEIuSKzPkMxkedxF,Netflix,2024-11-04,0.37,1
76025,aafVoaXYozaNgZtDaEIuSKzPkMxkedxF,Placer County Water Age,2024-08-06,106.58,1
77425,abjYVBkptgJzAxlxZaUqdkRrwSDFmFRR,Spectrum,2024-10-24,77.0,1
77680,bcvpEFjMXelfsJpWUFxsRiOpBZkjbJRc,Cleo,2024-08-04,5.99,1
79172,cJNwLrtmIvXNmOTSaxFwtZsFmfIOvFij,Afterpay               afterpay.com CAUS,2024-09-11,37.8,1
81872,dOwSWLMhgcGAeqMtewIhQUryaVoanwYW,AT&T,2023-08-14,341.0,1
82114,dOwSWLMhgcGAeqMtewIhQUryaVoanwYW,Dallas Water Utilities,2023-03-02,75.64,1
88144,hnJBvbHsmDvbcoyNWIGtOJJzjPIkUSfG,Credit Genie,2024-09-27,3.49,1
89699,hnJBvbHsmDvbcoyNWIGtOJJzjPIkUSfG,Xcel Energy,2024-06-10,61.73,1
94340,jXpaMEgJIKVeJzdOEYxRpsDeVWSamBQH,Ngrid,2024-09-04,330.0,1
95379,jjdqSEKAuwfnXaVtXVmtbCSsYSUnWVCn,Paramount+,2025-01-26,3.17,0
95542,jjdqSEKAuwfnXaVtXVmtbCSsYSUnWVCn,Straight Talk,2022-10-23,39.23,1
96338,lNyJLanstiLsVdXklMdzDqeZJeehFUtG,Cleo,2022-08-26,3.99,0
100435,lbjxCpwsydxwninqLebgdDOapqIbduSs,Sony Playstation,2024-09-16,10.81,0
101855,mJjhxkvdNjfFNbpjWYUslaiQStENmOaM,Microsoft,2023-12-29,18.14,1
101856,mJjhxkvdNjfFNbpjWYUslaiQStENmOaM,Microsoft,2024-01-22,18.14,1
101860,mJjhxkvdNjfFNbpjWYUslaiQStENmOaM,Microsoft,2024-03-04,18.14,1
102164,mJjhxkvdNjfFNbpjWYUslaiQStENmOaM,Spectrum,2024-06-17,150.64,1
102165,mJjhxkvdNjfFNbpjWYUslaiQStENmOaM,Spectrum,2024-07-08,150.64,1
104276,mtdZazDvuHRqedBWQScvMrOEHESmmmAk,GEICO,2024-08-07,116.53,1
105104,mysXxqashZumLRyUCyMPBokLYsoEhcLV,GEICO,2024-07-11,174.13,1
105105,mysXxqashZumLRyUCyMPBokLYsoEhcLV,GEICO,2024-08-08,174.13,1
105106,mysXxqashZumLRyUCyMPBokLYsoEhcLV,GEICO,2024-10-15,160.02,1
105109,mysXxqashZumLRyUCyMPBokLYsoEhcLV,GEICO,2025-01-23,160.1,1
106035,nCnYhxYdQdnmbCPfnguUVoYHMfYQhhZa,Albert,2024-04-05,14.99,1
106295,nCnYhxYdQdnmbCPfnguUVoYHMfYQhhZa,Duke Energy,2023-09-01,151.09,1
106647,nCnYhxYdQdnmbCPfnguUVoYHMfYQhhZa,Paramount+,2023-03-02,12.89,0
108012,oekjVLJBiHmXivDrjYeaHsPVCEBgaqBt,Sezzle,2023-10-02,18.89,1
112063,rHEXnSRIjQArZBIcAxikNyMnqbQGvxGo,Progressive Insurance,2022-06-13,255.9,1
112767,rpmwyQpwHxsFmnoKBJoadpvMoefIdnYF,Amazon Prime,2024-04-29,15.89,0
112940,rpmwyQpwHxsFmnoKBJoadpvMoefIdnYF,Comcast,2024-05-28,225.0,1
112941,rpmwyQpwHxsFmnoKBJoadpvMoefIdnYF,Comcast,2024-05-29,225.0,1
112959,rpmwyQpwHxsFmnoKBJoadpvMoefIdnYF,DTE Energy,2024-03-22,251.08,1
115988,tgZxIvjAFhcdUQKWcFVPqEbyLuEIVoop,Hulu,2022-11-14,3.5,0
117120,tgZxIvjAFhcdUQKWcFVPqEbyLuEIVoop,Spectrum,2023-07-14,90.82,1
117128,tgZxIvjAFhcdUQKWcFVPqEbyLuEIVoop,Spectrum,2024-05-21,100.82,1
117129,tgZxIvjAFhcdUQKWcFVPqEbyLuEIVoop,Spectrum,2024-05-28,100.82,1
119475,uCuzuiDYtzyhYEdzIaETRShmHytXkVaR,Progressive Insurance,2024-04-24,239.0,1
119643,uCuzuiDYtzyhYEdzIaETRShmHytXkVaR,Verizon,2023-09-19,37.1,1
119645,uCuzuiDYtzyhYEdzIaETRShmHytXkVaR,Verizon,2023-11-18,204.3,1
119881,uKnTSJGmjKZvRYXyVkLdrpbIDAdXgIkr,Amazon Prime           Amzn.com/billWAUS,2024-10-26,2.15,0
119983,uKnTSJGmjKZvRYXyVkLdrpbIDAdXgIkr,CLEO AI                +18333133171 DEUS,2024-12-27,5.99,1
120096,uKnTSJGmjKZvRYXyVkLdrpbIDAdXgIkr,FITZGERALD WATER LIGHT FITZGERALD   GAUS,2024-11-24,55.0,1
120098,uKnTSJGmjKZvRYXyVkLdrpbIDAdXgIkr,FITZGERALD WATER LIGHT FITZGERALD   GAUS,2025-01-14,185.08,1
121280,vBZxsmMOYJMlerxWadUjcwIVWMErpukH,AfterPay,2024-03-18,46.03,1
121282,vBZxsmMOYJMlerxWadUjcwIVWMErpukH,AfterPay,2024-04-10,58.52,1
121283,vBZxsmMOYJMlerxWadUjcwIVWMErpukH,AfterPay,2024-04-15,46.03,1
121880,vBZxsmMOYJMlerxWadUjcwIVWMErpukH,Dave,2024-03-11,1.0,1
122268,vBZxsmMOYJMlerxWadUjcwIVWMErpukH,Fort Worth Water Department,2022-12-27,123.47,1
124303,vDtDuylDHgqudUGXbexDsYvcrPAIJDWY,AfterPay,2023-07-13,31.14,1
124305,vDtDuylDHgqudUGXbexDsYvcrPAIJDWY,AfterPay,2023-07-27,31.14,1
124310,vDtDuylDHgqudUGXbexDsYvcrPAIJDWY,AfterPay,2023-11-29,49.34,1
124321,vDtDuylDHgqudUGXbexDsYvcrPAIJDWY,AfterPay,2024-01-11,42.53,1
127171,vHcKJocSgMRwEYnfVMDhhNrZxtyWqDqo,T-Mobile,2024-10-26,171.99,1
127511,vZADFTlUAeOJChuECspzwCotKmlCMrnc,Brigit,2024-12-09,8.99,1
127513,vZADFTlUAeOJChuECspzwCotKmlCMrnc,Brigit,2025-01-09,8.99,1
128617,vkYCFxFAZenAwyffNpwDpkUPJoKPkPMH,Cleo AI,2024-12-27,118.99,1
129661,vwmjAxZjduTNdbAvuzmVUoCeNGJyeiYx,Cpenergy Entex Ent,2022-12-15,59.59,1
129821,vwmjAxZjduTNdbAvuzmVUoCeNGJyeiYx,GEICO,2023-07-27,295.13,1
130727,wFISICcAnLkUfSAWDPqdjceMhsOhRwfi,Dave,2024-05-04,1.0,1
133141,ygTVRHKJOhsoytTisyBKhYWWqRKPIyVy,Appdealstoday,2024-01-23,38.77,1
133142,ygTVRHKJOhsoytTisyBKhYWWqRKPIyVy,Appdealstoday,2024-01-24,38.77,1
133360,ygTVRHKJOhsoytTisyBKhYWWqRKPIyVy,Dola More Dostuff,2024-11-18,7.0,1
133361,ygTVRHKJOhsoytTisyBKhYWWqRKPIyVy,Dola More Dostuff,2024-12-16,7.0,1
133362,ygTVRHKJOhsoytTisyBKhYWWqRKPIyVy,DoorDash,2023-07-24,4.99,1
135430,yqQnKwMGeOFOtgdSYTmhFvwyniaOmSUB,Straight Talk,2025-01-20,44.44,1
136928,yrTyXxgjzfekMMYUTXCBZwoZPytfsdjb,Google Storage,2023-11-13,1.99,0
138018,yrTyXxgjzfekMMYUTXCBZwoZPytfsdjb,Thrivemarke Yea,2022-07-07,12.0,0
1912,AhsWDTKwjnUVYiiDLaxnlCdhzJwYnfNY,Amazon,2024-11-28,16.23,1
1913,AhsWDTKwjnUVYiiDLaxnlCdhzJwYnfNY,Amazon,2024-12-31,16.23,1
1914,AhsWDTKwjnUVYiiDLaxnlCdhzJwYnfNY,Amazon,2025-02-03,16.23,1
2576,AorMxqNncYwQvaJKyznWlKdTUkvkiPYV,Apple,2023-07-03,9.99,1
3005,AorMxqNncYwQvaJKyznWlKdTUkvkiPYV,Comcast,2023-07-25,100.0,1
3986,AorMxqNncYwQvaJKyznWlKdTUkvkiPYV,Root Insurance,2023-08-08,149.15,1
4024,AorMxqNncYwQvaJKyznWlKdTUkvkiPYV,Sam's Club,2023-07-18,50.0,1
4417,AorMxqNncYwQvaJKyznWlKdTUkvkiPYV,Trashbilling,2024-01-09,121.4,1
5176,BAjWKWXuBxADgBWXIUQQkDHHvNZmDXUD,Amazon Prime,2024-05-14,6.29,0
6135,BAjWKWXuBxADgBWXIUQQkDHHvNZmDXUD,Spectrum,2023-09-25,29.99,1
6452,BJDvQSOtUvdxctxBlAwGfCLbhsujJTYg,Amazon,2024-04-27,16.19,1
7129,BJDvQSOtUvdxctxBlAwGfCLbhsujJTYg,GEICO,2022-11-02,128.01,1
7270,BJDvQSOtUvdxctxBlAwGfCLbhsujJTYg,Microsoft,2024-01-13,18.35,1
7678,BJDvQSOtUvdxctxBlAwGfCLbhsujJTYg,Progressive Insurance,2023-06-16,167.0,1
7680,BJDvQSOtUvdxctxBlAwGfCLbhsujJTYg,Progressive Insurance,2023-07-12,240.19,1
7943,BJDvQSOtUvdxctxBlAwGfCLbhsujJTYg,Spectrum,2023-11-25,59.99,1
7956,BJDvQSOtUvdxctxBlAwGfCLbhsujJTYg,Straight Talk,2024-05-31,47.19,1
8286,BOIvaZauUjTiGOyNbvHEFPclvepBaqRa,AAA Insurance,2022-12-14,110.4,1
10174,BOIvaZauUjTiGOyNbvHEFPclvepBaqRa,Wix,2022-05-20,33.0,1
10211,BQcyLdmAQcSWFBrAAdMZugxVHjNqUCUv,AT&T,2024-05-19,20.87,1
10212,BQcyLdmAQcSWFBrAAdMZugxVHjNqUCUv,AT&T,2024-09-20,152.61,1
11638,DNnhJnMUwJQXtsIZMHSDVjDMyHPvSyTM,AfterPay,2024-10-07,10.74,0
11640,DNnhJnMUwJQXtsIZMHSDVjDMyHPvSyTM,AfterPay,2024-10-09,15.73,1
11653,DNnhJnMUwJQXtsIZMHSDVjDMyHPvSyTM,AfterPay,2024-11-04,10.74,0
11661,DNnhJnMUwJQXtsIZMHSDVjDMyHPvSyTM,AfterPay,2025-01-21,15.97,1
11759,DNnhJnMUwJQXtsIZMHSDVjDMyHPvSyTM,Amazon Prime Video,2024-12-06,4.99,1
12205,DNnhJnMUwJQXtsIZMHSDVjDMyHPvSyTM,Disney,2024-11-06,13.99,1
12292,DNnhJnMUwJQXtsIZMHSDVjDMyHPvSyTM,Empower,2024-01-04,8.0,1
12613,DNnhJnMUwJQXtsIZMHSDVjDMyHPvSyTM,Klarna,2023-12-29,59.02,1
13896,DqDyFkpGMzbjzFHBfjfFEhhUHtzAEiRS,Metro By T Mobile Mobi,2024-04-26,64.55,1
14036,DqDyFkpGMzbjzFHBfjfFEhhUHtzAEiRS,Sam's Club,2024-07-26,50.0,1
15998,EQutQVPiZrhrMmaLVXKWZyEqabKpKFIE,Metro by T-Mobile,2024-07-15,68.0,1
17230,FFzOxCKpvmSMcwyraoyimhKzWHoEOCrM,Affirm,2023-12-18,36.25,1
17231,FFzOxCKpvmSMcwyraoyimhKzWHoEOCrM,Affirm,2024-01-03,36.25,1
17232,FFzOxCKpvmSMcwyraoyimhKzWHoEOCrM,Affirm,2024-01-17,36.25,1
18399,FFzOxCKpvmSMcwyraoyimhKzWHoEOCrM,Lendswift Loan,2024-08-30,421.81,1
19251,GHCvCSrnKIMxLyFDwejXAmkpJfjxqdyI,Dave,2024-06-03,1.0,1
19273,GHCvCSrnKIMxLyFDwejXAmkpJfjxqdyI,Dave,2024-10-04,1.0,1
20391,GJUExHUiVzssVJaAvsaZSSIGEzudyxis,Spectrum               855-707-7328 MOUS,2024-11-07,47.49,1
21623,GmqZhREdWRwODaskMBGvQuQrVNjsBeFM,Brigit,2024-12-19,8.99,1
25702,IUsmCNUIztRdqNYTliTrITBePuRCehYJ,CPS Energy,2023-04-14,264.75,1
25708,IUsmCNUIztRdqNYTliTrITBePuRCehYJ,CPS Energy,2024-08-26,402.35,1
28043,IarZKhGuIsTjxONZvysdfPeQOEEYQXJN,AT&T,2023-02-25,70.0,1
29079,KBiGPkDOaNupnOzqVlGReRreGCpbgDBG,Empower,2025-01-15,8.0,1
29291,KBiGPkDOaNupnOzqVlGReRreGCpbgDBG,Ivacy Vpn,2022-09-03,10.94,1
36968,MDfnhRORipKxXbeHutTBVhPePWPxWYoP,Norton LifeLock,2024-09-05,12.98,1
38438,MbDdSDkkWiAEtApEkSlDfqfkIJpsaTcY,METRO BY T-MOBILE WEB  888-863-8768 WAUS,2024-07-24,65.0,1
40597,NFVtAitPQzYnRbOaBGlShkQCgZLYaBrg,Dave,2024-09-23,1.0,1
40772,NFVtAitPQzYnRbOaBGlShkQCgZLYaBrg,Islands of Massage and Fitness,2022-12-27,52.0,1
43633,OjGZBgRbUudbTQJWMvRaPXmaAMwhuJjF,Progressive Insurance,2024-08-09,208.2,1
43719,OjGZBgRbUudbTQJWMvRaPXmaAMwhuJjF,Spectrum,2024-11-22,184.21,1
43814,OjGZBgRbUudbTQJWMvRaPXmaAMwhuJjF,Verizon,2024-02-09,100.0,1
43815,OjGZBgRbUudbTQJWMvRaPXmaAMwhuJjF,Verizon,2024-03-04,48.7,1
43817,OjGZBgRbUudbTQJWMvRaPXmaAMwhuJjF,Verizon,2024-03-25,48.7,1
43964,OkGKOTcVMipCfURJhAVUlEkEOtKzNHkE,Albert,2024-06-28,14.99,1
44213,OkGKOTcVMipCfURJhAVUlEkEOtKzNHkE,Credit Genie,2024-01-30,4.99,1
44214,OkGKOTcVMipCfURJhAVUlEkEOtKzNHkE,Credit Genie,2024-03-29,4.99,1
44219,OkGKOTcVMipCfURJhAVUlEkEOtKzNHkE,Dave,2024-01-24,1.0,1
44287,OkGKOTcVMipCfURJhAVUlEkEOtKzNHkE,Grid,2024-01-22,10.0,1
46805,PsuliJLcAPTzdKmNbpVuLSHfPjRPPWiB,Verizon,2024-06-03,150.0,1
46919,QFjGXqKHwdsLSAXaTjOfKRIaOxIQwYmL,Albert,2024-06-12,14.99,1
46920,QFjGXqKHwdsLSAXaTjOfKRIaOxIQwYmL,Albert,2024-08-20,14.99,1
47813,QFjGXqKHwdsLSAXaTjOfKRIaOxIQwYmL,Sam's Club,2025-01-12,50.0,1
49222,RWlTiraiCLGOTswGfQAvKgOOMmNXofUH,AT&T,2023-02-27,50.0,1
49366,RWlTiraiCLGOTswGfQAvKgOOMmNXofUH,Credit Genie,2024-05-17,4.99,1
53475,RggyAZUnfNfoxepJadJUyQIHAARUqoSz,Netflix,2024-03-04,16.88,0
53476,RggyAZUnfNfoxepJadJUyQIHAARUqoSz,Netflix,2024-08-23,16.88,0
53755,RggyAZUnfNfoxepJadJUyQIHAARUqoSz,T-Mobile,2024-03-22,100.09,1
54320,RvJzNbCwKlHXNZQzzogsUXTgbEnCFJen,Liberty Mutual,2023-08-24,34.0,0
54328,RvJzNbCwKlHXNZQzzogsUXTgbEnCFJen,Liberty Mutual,2024-04-25,34.0,0
54334,RvJzNbCwKlHXNZQzzogsUXTgbEnCFJen,Liberty Mutual,2024-09-25,34.0,0
54486,RwoaExdRmOIZULsXkpClCsJorxHWeCiX,BET,2024-11-12,10.99,0
55064,SbZRQRvIsVJBRLkJTbVUgELiQrOylvUk,Apple,2024-10-01,18.29,1
56551,SyyHtTRWtymwnwZSeUcMNVPTuyBitWus,O'Reilly Auto Parts,2022-06-18,9.84,0
57122,TjhPuOcMfWsKUbZBOKZJUuwVDNkLZhdm,Amazon,2024-10-02,14.95,1
58215,TjhPuOcMfWsKUbZBOKZJUuwVDNkLZhdm,Empower,2024-10-30,8.0,1
60250,UOGHBLSBptKnjdpcyQntiDabfLzVsWxK,Planet Fitness,2023-03-01,39.12,1
60263,UOGHBLSBptKnjdpcyQntiDabfLzVsWxK,Planet Fitness,2024-03-01,39.12,1
60804,UoMYTXsjkUIaHkzofLsMgNCgRwgpOumi,Empower,2024-06-10,8.0,1
60806,UoMYTXsjkUIaHkzofLsMgNCgRwgpOumi,Empower,2024-07-08,8.0,1
63997,WJqbWvXCIsTcIQDgqXCssXBxYpKJfKTm,Verizon,2024-08-26,191.85,1
65033,WZeavIWwZKQddDGfLKnOiSTlfgXAeXyq,Verizon,2024-07-18,30.0,1
65034,WZeavIWwZKQddDGfLKnOiSTlfgXAeXyq,Verizon,2024-08-08,300.0,1
65834,XaxiPZZTbljMIXbXJWauboZxOpPJqquZ,Amaxinsurancecom Spence,2023-04-10,78.0,1
66690,XaxiPZZTbljMIXbXJWauboZxOpPJqquZ,Netflix.com            866-5797172  CAUS,2025-01-25,16.77,1
67746,YJFpCzxCbhdshjNykJJBKDKidHpktIXA,T-Mobile,2024-01-26,180.0,1
67888,YYydGejKDXVdyAyGbscOvZWOJElQFyjD,BET+,2024-09-30,7.99,1
68381,YYydGejKDXVdyAyGbscOvZWOJElQFyjD,Hulu,2024-11-05,12.98,1
69727,ZCRHKiYixDbqWXIfjMwXckCrzCfgpess,City Of Greensbo Utility,2024-10-30,56.0,1
70429,ZCRHKiYixDbqWXIfjMwXckCrzCfgpess,Zip.co,2023-02-06,16.01,1
75942,aafVoaXYozaNgZtDaEIuSKzPkMxkedxF,Microsoft Xbox,2024-02-02,16.99,0
75943,aafVoaXYozaNgZtDaEIuSKzPkMxkedxF,Microsoft Xbox,2024-03-04,16.99,0
77219,abjYVBkptgJzAxlxZaUqdkRrwSDFmFRR,Lemonade Insurance,2022-08-08,4.71,1
77222,abjYVBkptgJzAxlxZaUqdkRrwSDFmFRR,Lemonade Insurance,2022-11-06,8.0,1
77319,abjYVBkptgJzAxlxZaUqdkRrwSDFmFRR,Root Insurance,2023-11-10,151.95,1
77426,abjYVBkptgJzAxlxZaUqdkRrwSDFmFRR,Spectrum,2024-11-21,77.0,1
77682,bcvpEFjMXelfsJpWUFxsRiOpBZkjbJRc,Cleo AI,2024-07-01,5.99,1
79171,cJNwLrtmIvXNmOTSaxFwtZsFmfIOvFij,Afterpay               afterpay.com CAUS,2024-09-07,33.75,1
79307,cJNwLrtmIvXNmOTSaxFwtZsFmfIOvFij,GEICO  *AUTO           800-841-3000 DCUS,2024-10-07,212.1,1
80129,cQWHdxqCuWASVYQykFBBqoXDyNXJkvGc,Empower,2023-09-29,8.0,1
81414,cYwHDjRRCrEdLFErYVCZFlTAsXQEIaWm,Progressive Insurance,2024-06-18,237.91,1
82102,dOwSWLMhgcGAeqMtewIhQUryaVoanwYW,Credit Genie,2024-11-15,3.49,1
82113,dOwSWLMhgcGAeqMtewIhQUryaVoanwYW,Dallas Water Utilities,2023-01-11,147.86,1
82653,enDTgcAidKaKzEPclJTxSpDahXHjUNtn,Albert,2024-05-14,14.99,1
84890,fVbffMxeszajmqEQTpcZwTyeqwDMZXlY,IC* INSTACART          +18882467822 CAUS,2024-11-08,7.0,0
86700,hQALLTMkewjxBCZEMlWMrDEGwaUtkPdq,Cleo AI,2024-04-19,46.99,0
86701,hQALLTMkewjxBCZEMlWMrDEGwaUtkPdq,Cleo AI,2024-05-21,46.99,0
86702,hQALLTMkewjxBCZEMlWMrDEGwaUtkPdq,Cleo AI,2024-07-02,46.99,0
88143,hnJBvbHsmDvbcoyNWIGtOJJzjPIkUSfG,Credit Genie,2024-09-13,3.49,1
89891,hwQvyXQiqCychfJDbFMixWsTYeBzKKuK,Albert,2024-08-14,14.99,1
91834,iQVXxFhqeMogZENRKphlwkhNeHljQhQP,Dave,2022-08-05,1.0,1
92959,jEuzlIomBkowrvfKPKtxzEqlVYcxMPIT,Albert,2024-08-13,14.99,1
93514,jEuzlIomBkowrvfKPKtxzEqlVYcxMPIT,Spectrum,2024-05-02,187.32,1
93694,jXpaMEgJIKVeJzdOEYxRpsDeVWSamBQH,Apple,2024-08-12,10.99,1
94031,jXpaMEgJIKVeJzdOEYxRpsDeVWSamBQH,GEICO,2024-07-22,750.35,1
94034,jXpaMEgJIKVeJzdOEYxRpsDeVWSamBQH,GEICO,2024-09-16,372.71,1
94327,jXpaMEgJIKVeJzdOEYxRpsDeVWSamBQH,National Grid,2024-09-30,153.05,1
94341,jXpaMEgJIKVeJzdOEYxRpsDeVWSamBQH,Ngrid,2024-09-10,330.0,1
94661,jXpaMEgJIKVeJzdOEYxRpsDeVWSamBQH,Verizon,2024-01-02,241.43,1
94662,jXpaMEgJIKVeJzdOEYxRpsDeVWSamBQH,Verizon,2024-01-22,241.43,1
94937,jjdqSEKAuwfnXaVtXVmtbCSsYSUnWVCn,Comcast,2024-11-03,128.8,1
96334,lNyJLanstiLsVdXklMdzDqeZJeehFUtG,Cleo,2022-08-12,3.99,0
96392,lNyJLanstiLsVdXklMdzDqeZJeehFUtG,Dave,2022-08-05,1.0,1
96470,lNyJLanstiLsVdXklMdzDqeZJeehFUtG,Farm Bureau Insurance,2022-12-04,155.0,1
97976,lXgShipoLjuomQBAzqozgLTBWuBLOhIh,CLEO AI                +18333133171 DEUS,2025-01-23,5.99,1
101162,lbjxCpwsydxwninqLebgdDOapqIbduSs,Water Still,2024-03-04,4.0,0
102573,mOnvGcFYByhqTUjlWbuDQmSYYIyOzerd,DTE Energy,2023-11-08,62.48,1
103373,mVvrrkZsbDvKGWCTYpFsbHEeUquBeCvr,Disney,2024-10-29,7.0,0
103842,mhMFEeLPIobvJhKudofkLuHfmcUuLMJb,AT&T,2024-09-14,66.41,1
103844,mhMFEeLPIobvJhKudofkLuHfmcUuLMJb,AT&T,2024-11-28,121.8,1
104118,mhMFEeLPIobvJhKudofkLuHfmcUuLMJb,The Roku Channel,2024-10-06,9.72,0
104119,mhMFEeLPIobvJhKudofkLuHfmcUuLMJb,The Roku Channel,2024-12-06,9.72,0
106339,nCnYhxYdQdnmbCPfnguUVoYHMfYQhhZa,GrubHub+,2023-01-09,10.71,0
106340,nCnYhxYdQdnmbCPfnguUVoYHMfYQhhZa,GrubHub+,2023-02-09,10.71,0
107375,oekjVLJBiHmXivDrjYeaHsPVCEBgaqBt,AfterPay,2024-12-27,8.6,1
107376,oekjVLJBiHmXivDrjYeaHsPVCEBgaqBt,AfterPay,2024-12-31,8.6,1
108005,oekjVLJBiHmXivDrjYeaHsPVCEBgaqBt,Sezzle,2023-08-21,17.38,0
108363,orsUTgbFLguXLZjKyiSMlYZghAakfIYb,Disney Mobile,2024-12-03,17.15,1
108364,orsUTgbFLguXLZjKyiSMlYZghAakfIYb,Disney Mobile,2025-01-03,17.15,1
108625,orsUTgbFLguXLZjKyiSMlYZghAakfIYb,Spi Duke Energy,2024-12-04,434.68,1
109055,qkyrzEgGEhbZXHDmraRVRahnXriwFlEw,Comcast,2024-09-16,50.0,1
111930,rHEXnSRIjQArZBIcAxikNyMnqbQGvxGo,Five Below,2023-12-24,20.0,0
112937,rpmwyQpwHxsFmnoKBJoadpvMoefIdnYF,Comcast,2024-02-27,95.0,1
112938,rpmwyQpwHxsFmnoKBJoadpvMoefIdnYF,Comcast,2024-03-27,95.0,1
112939,rpmwyQpwHxsFmnoKBJoadpvMoefIdnYF,Comcast,2024-04-29,95.0,1
114196,tTUJCjWeMLAIiLYjePpQdyedOuCxtjgm,Duke Energy,2024-07-29,215.38,1
114520,tTUJCjWeMLAIiLYjePpQdyedOuCxtjgm,New No 1 Chinese,2024-10-14,7.97,0
115929,tgZxIvjAFhcdUQKWcFVPqEbyLuEIVoop,Google Storage,2023-11-14,2.99,1
118398,twtrzwvWAynCjLtqcJIgOfvmeqldQzNQ,Sam's Club,2024-02-16,110.0,1
119155,uCuzuiDYtzyhYEdzIaETRShmHytXkVaR,Duke Energy,2023-10-06,102.86,1
119478,uCuzuiDYtzyhYEdzIaETRShmHytXkVaR,Progressive Insurance,2024-10-07,182.47,1
119644,uCuzuiDYtzyhYEdzIaETRShmHytXkVaR,Verizon,2023-10-15,156.42,1
119772,uKnTSJGmjKZvRYXyVkLdrpbIDAdXgIkr,102 W ROANOKE DR       FITZGERALD   GAUS,2024-09-25,343.75,0
119773,uKnTSJGmjKZvRYXyVkLdrpbIDAdXgIkr,102 W ROANOKE DR       FITZGERALD   GAUS,2024-11-22,343.75,0
121285,vBZxsmMOYJMlerxWadUjcwIVWMErpukH,AfterPay,2024-04-29,46.03,0
121288,vBZxsmMOYJMlerxWadUjcwIVWMErpukH,AfterPay,2024-05-07,58.52,0
122267,vBZxsmMOYJMlerxWadUjcwIVWMErpukH,Fort Worth Water Department,2022-06-13,248.75,1
123893,vBZxsmMOYJMlerxWadUjcwIVWMErpukH,The Fieldhouse Abilene,2023-02-22,30.0,1
124325,vDtDuylDHgqudUGXbexDsYvcrPAIJDWY,AfterPay,2024-01-29,44.87,1
125179,vDtDuylDHgqudUGXbexDsYvcrPAIJDWY,Gorilla Car Wash,2022-05-31,17.99,0
125180,vDtDuylDHgqudUGXbexDsYvcrPAIJDWY,Gorilla Car Wash,2022-07-01,17.99,0
127510,vZADFTlUAeOJChuECspzwCotKmlCMrnc,Brigit,2024-11-08,56.99,0
127514,vZADFTlUAeOJChuECspzwCotKmlCMrnc,Brigit,2025-01-09,56.99,0
128184,vZADFTlUAeOJChuECspzwCotKmlCMrnc,Verizon,2024-10-24,96.76,1
128868,vkYCFxFAZenAwyffNpwDpkUPJoKPkPMH,Peco Energy Company,2024-10-05,269.44,1
128869,vkYCFxFAZenAwyffNpwDpkUPJoKPkPMH,Peco Energy Company,2024-11-05,343.72,1
133139,ygTVRHKJOhsoytTisyBKhYWWqRKPIyVy,Appclubmonthly,2023-11-24,38.77,1
133261,ygTVRHKJOhsoytTisyBKhYWWqRKPIyVy,Bullymake,2024-12-09,42.34,1
133364,ygTVRHKJOhsoytTisyBKhYWWqRKPIyVy,DoorDash,2023-08-23,4.99,1
133430,ygTVRHKJOhsoytTisyBKhYWWqRKPIyVy,Healthy.line,2023-02-27,19.99,1
135319,yqQnKwMGeOFOtgdSYTmhFvwyniaOmSUB,Planet Fitness,2023-10-20,10.83,1
135320,yqQnKwMGeOFOtgdSYTmhFvwyniaOmSUB,Planet Fitness,2023-12-22,10.83,1
136921,yrTyXxgjzfekMMYUTXCBZwoZPytfsdjb,GEICO,2024-04-15,594.71,1
137679,yrTyXxgjzfekMMYUTXCBZwoZPytfsdjb,Sam's Club,2023-10-19,50.0,1
